Median Household Income,School District
"$182,609","Highland Park Independent School District / 34,043"
"$169,401","Carroll Independent School District / 29,265"
"$131,250","London Independent School District / 1,660"
"$127,991","Eanes Independent School District / 36,986"
"$117,541","Coppell Independent School District / 46,020"
"$111,131","Lovejoy Independent School District / 13,644"
"$107,413","Dripping Springs Independent School District / 24,679"
"$106,542","Friendswood Independent School District / 26,269"
"$106,143","Argyle Independent School District / 8,528"
"$105,938","Prosper Independent School District / 19,288"
"$105,145","Aledo Independent School District / 22,235"
"$104,105","Frisco Independent School District / 184,480"
"$101,059","Allen Independent School District / 89,748"
"$100,517","Sunnyvale Independent School District / 5,480"
"$98,571","Lake Travis Independent School District / 39,224"
"$92,917",Klondike Independent School District / 742
"$91,754","Katy Independent School District / 283,381"
"$91,052","Pearland Independent School District / 96,855"
"$91,024","Keller Independent School District / 160,923"
"$90,667","Melissa Independent School District / 6,858"
"$90,421","Tomball Independent School District / 63,023"
"$90,357","Randolph Field Independent School District / 1,166"
"$89,907","Rockwall Independent School District / 68,194"
"$88,539","Barbers Hill Independent School District / 15,920"
"$88,052","Celina Independent School District / 9,170"
"$87,912","Northwest Independent School District / 83,165"
"$87,754","Wylie Independent School District / 60,607"
"$87,680","Boerne Independent School District / 37,232"
"$87,616","Greenwood Independent School District / 7,885"
"$86,250",Grandview-Hopkins Independent School District / 101
"$85,954","Forney Independent School District / 33,296"
"$85,112","Grapevine-Colleyville Independent School District / 77,893"
"$84,809","Midlothian Independent School District / 34,031"
"$84,665","La Vernia Independent School District / 14,619"
"$84,118","Lindsay Independent School District / 2,167"
"$83,125","Humble Independent School District / 181,307"
"$82,834","Lewisville Independent School District / 282,084"
"$82,816","Mansfield Independent School District / 147,548"
"$82,717","Peaster Independent School District / 4,102"
"$81,974","Salado Independent School District / 6,671"
"$81,952","Fort Bend Independent School District / 368,856"
"$81,882","Leander Independent School District / 159,550"
"$81,718","Clear Creek Independent School District / 220,949"
"$81,563","Glasscock County Independent School District / 1,190"
"$80,796","Alamo Heights Independent School District / 28,795"
"$80,602","Lubbock-Cooper Independent School District / 25,250"
"$80,595","Montgomery Independent School District / 37,223"
"$80,311","Aubrey Independent School District / 9,104"
"$79,257","Bushland Independent School District / 6,083"
"$79,205","Nursery Independent School District / 1,708"
"$79,188","Liberty Hill Independent School District / 11,715"
"$79,179","Krum Independent School District / 7,756"
"$78,957","Plano Independent School District / 336,230"
"$78,895","Calallen Independent School District / 20,387"
"$78,525","McKinney Independent School District / 118,631"
"$78,344","Klein Independent School District / 232,190"
"$77,941","Gunter Independent School District / 3,042"
"$77,202","Lake Dallas Independent School District / 23,164"
"$76,995","Brock Independent School District / 4,373"
"$76,786",Grady Independent School District / 658
"$76,329","Lago Vista Independent School District / 9,030"
"$76,319","Royse City Independent School District / 20,577"
"$76,291","Kennedale Independent School District / 19,358"
"$76,094",Coupland Independent School District / 887
"$76,042",Kelton Independent School District / 175
"$76,019","Wylie Independent School District / 18,173"
"$75,334","Lamar Consolidated Independent School District / 133,515"
"$75,256","Schertz-Cibolo-Universal City Independent School District / 65,003"
"$75,114","Danbury Independent School District / 5,091"
"$75,042","Little Elm Independent School District / 32,679"
"$75,000",Borden County Independent School District / 679
"$75,000","Lorena Independent School District / 8,539"
"$74,892","Comal Independent School District / 105,453"
"$74,819","Round Rock Independent School District / 253,508"
"$74,571","Forsan Independent School District / 2,633"
"$73,969","Hutto Independent School District / 25,947"
"$73,571",Divide Independent School District / 131
"$73,422","Community Independent School District / 9,743"
"$72,945","Eagle Mountain-Saginaw Independent School District / 86,779"
"$72,841","Industrial Independent School District / 4,463"
"$72,800","Crandall Independent School District / 12,288"
"$72,478","Deer Park Independent School District / 52,097"
"$72,468","La Porte Independent School District / 42,070"
"$72,402","Cypress-Fairbanks Independent School District / 525,367"
"$72,361","Forestburg Independent School District / 1,088"
"$72,098","Caddo Mills Independent School District / 6,104"
"$71,908","Ponder Independent School District / 5,779"
"$71,860","Conroe Independent School District / 281,377"
"$71,696","Magnolia Independent School District / 58,406"
"$71,650","Holliday Independent School District / 4,884"
"$71,523","Hays Consolidated Independent School District / 75,485"
"$71,329","Red Oak Independent School District / 26,275"
"$70,982","Pleasant Grove Independent School District / 12,408"
"$70,893",Sivells Bend Independent School District / 466
"$70,833",Buena Vista Independent School District / 444
"$70,625","China Spring Independent School District / 12,615"
"$70,587","Robinson Independent School District / 10,945"
"$70,268","Meyersville Independent School District / 1,367"
"$70,083","Red Lick Independent School District / 2,422"
"$69,625",Miami Independent School District / 768
"$69,500","Burleson Independent School District / 55,866"
"$69,491","Christoval Independent School District / 2,511"
"$69,167","Midway Independent School District / 41,455"
"$69,146","Wimberley Independent School District / 12,149"
"$68,319","Georgetown Independent School District / 67,472"
"$67,679",Boys Ranch Independent School District / 77
"$67,436","Blanco Independent School District / 7,194"
"$67,363","Van Alstyne Independent School District / 6,876"
"$67,292","Wall Independent School District / 3,591"
"$67,250","Iola Independent School District / 3,045"
"$66,790","Alvin Independent School District / 94,642"
"$66,586","Pflugerville Independent School District / 127,106"
"$66,548","Slidell Independent School District / 2,268"
"$66,477","Falls City Independent School District / 2,013"
"$66,288","Huffman Independent School District / 14,177"
"$66,176","Tom Bean Independent School District / 4,626"
"$66,071",Pringle-Morse Consolidated Independent School District / 510
"$66,044","Cedar Hill Independent School District / 46,851"
"$66,007","Midland Independent School District / 138,502"
"$65,750","Valley View Independent School District / 2,757"
"$65,625","Hardin-Jefferson Independent School District / 9,507"
"$65,625",Hubbard Independent School District / 712
"$65,625",Walcott Independent School District / 176
"$65,386","Canyon Independent School District / 53,306"
"$65,287","Sanger Independent School District / 13,941"
"$65,245","Orangefield Independent School District / 7,809"
"$65,129","Mildred Independent School District / 3,264"
"$65,102","Anna Independent School District / 11,628"
"$65,000","Navarro Independent School District / 7,100"
"$64,982","Santa Fe Independent School District / 25,265"
"$64,911","Hamshire-Fannett Independent School District / 8,697"
"$64,740","Idalou Independent School District / 4,009"
"$64,642","Dickinson Independent School District / 54,617"
"$64,479","Veribest Independent School District / 1,701"
"$64,297","Panhandle Independent School District / 3,255"
"$64,234","Jim Ned Consolidated Independent School District / 5,730"
"$64,167","Wink-Loving Independent School District / 1,240"
"$63,993","Wheeler Independent School District / 2,277"
"$63,841","Spring Hill Independent School District / 9,396"
"$63,833","Muenster Independent School District / 2,920"
"$63,542","Booker Independent School District / 1,675"
"$63,542",New Home Independent School District / 883
"$63,393","White Deer Independent School District / 1,787"
"$63,056",Fort Elliott Consolidated Independent School District / 965
"$62,917","Crawford Independent School District / 2,419"
"$62,917",Doss Consolidated Common School District / 265
"$62,788","Iraan-Sheffield Independent School District / 1,703"
"$62,772","Academy Independent School District / 5,003"
"$62,571","Joshua Independent School District / 23,491"
"$62,508","Belton Independent School District / 48,523"
"$62,417","Agua Dulce Independent School District / 1,378"
"$62,292",Three Way Independent School District / 712
"$62,250","Perrin-Whitt Consolidated Independent School District / 1,909"
"$62,175","Hallsville Independent School District / 20,031"
"$62,109","Morgan Mill Independent School District / 1,065"
"$62,087","Gregory-Portland Independent School District / 18,800"
"$62,083","Windthorst Independent School District / 1,523"
"$62,037","Whitehouse Independent School District / 26,213"
"$61,875",Follett Independent School District / 687
"$61,850","Lumberton Independent School District / 20,313"
"$61,731","Union Grove Independent School District / 3,234"
"$61,667",Darrouzett Independent School District / 521
"$61,640","Needville Independent School District / 13,268"
"$61,573","Callisburg Independent School District / 7,599"
"$61,518","Spurger Independent School District / 1,849"
"$61,495","Spring Branch Independent School District / 180,403"
"$61,484",Brookesmith Independent School District / 832
"$61,250","Andrews Independent School District / 16,126"
"$61,184","DeSoto Independent School District / 54,578"
"$60,919","Crowley Independent School District / 90,517"
"$60,819","Poth Independent School District / 3,900"
"$60,784","Ingleside Independent School District / 10,139"
"$60,781",Hartley Independent School District / 754
"$60,770","Medina Valley Independent School District / 21,434"
"$60,767","Pilot Point Independent School District / 7,690"
"$60,636","Redwater Independent School District / 6,092"
"$60,563","Waller Independent School District / 35,420"
"$60,556",Lazbuddie Independent School District / 710
"$60,529","Trenton Independent School District / 3,710"
"$60,524","Azle Independent School District / 36,497"
"$60,382","Crosby Independent School District / 27,185"
"$60,329","Claude Independent School District / 1,881"
"$60,189","Alvord Independent School District / 3,955"
"$60,147","Rio Vista Independent School District / 3,730"
"$60,057","Northside Independent School District / 557,170"
"$60,055","New Braunfels Independent School District / 47,370"
"$60,020","Judson Independent School District / 117,720"
"$60,000",Wildorado Independent School District / 356
"$59,816","Floresville Independent School District / 21,261"
"$59,801","Flour Bluff Independent School District / 31,710"
"$59,799","Carrollton-Farmers Branch Independent School District / 176,223"
"$59,764","Godley Independent School District / 7,167"
"$59,652","Fort Sam Houston Independent School District / 6,686"
"$59,500","Centerville Independent School District / 1,040"
"$59,464","Moulton Independent School District / 2,322"
"$59,452","Tuloso-Midway Independent School District / 12,492"
"$59,319","Bridge City Independent School District / 13,434"
"$59,307","Denton Independent School District / 169,647"
"$59,248","Little Cypress-Mauriceville Consolidated Independent School District / 19,792"
"$59,231",Sweet Home Independent School District / 958
"$59,034","New Waverly Independent School District / 5,112"
"$58,974","Waxahachie Independent School District / 43,059"
"$58,872","Marion Independent School District / 6,938"
"$58,783","Willis Independent School District / 35,185"
"$58,681","Rogers Independent School District / 4,013"
"$58,603","Douglass Independent School District / 1,979"
"$58,435","Stafford Municipal School District / 17,528"
"$58,365","Franklin Independent School District / 5,353"
"$58,333","Bosqueville Independent School District / 2,181"
"$58,300","Grandview Independent School District / 4,869"
"$58,252","North East Independent School District / 412,978"
"$58,185","Troy Independent School District / 6,187"
"$58,182","Shallowater Independent School District / 4,997"
"$58,173",Texline Independent School District / 991
"$58,086","White Oak Independent School District / 6,548"
"$58,068",Gold-Burg Independent School District / 804
"$57,982","Dayton Independent School District / 27,385"
"$57,917","Burton Independent School District / 2,974"
"$57,917","Palmer Independent School District / 5,620"
"$57,898",La Gloria Independent School District / 293
"$57,880","Howe Independent School District / 5,956"
"$57,734","Jourdanton Independent School District / 6,481"
"$57,651","Springtown Independent School District / 19,521"
"$57,644","Lipan Independent School District / 2,357"
"$57,589","Elkhart Independent School District / 6,349"
"$57,500","Decatur Independent School District / 14,651"
"$57,500",Star Independent School District / 478
"$57,500","Tolar Independent School District / 2,997"
"$57,404",Westbrook Independent School District / 775
"$57,379","Maypearl Independent School District / 4,043"
"$57,361","Rankin Independent School District / 1,057"
"$57,306","Lindale Independent School District / 19,763"
"$57,287","Canadian Independent School District / 3,893"
"$57,214","Garland Independent School District / 284,041"
"$57,178","Nederland Independent School District / 27,248"
"$57,162","Birdville Independent School District / 134,105"
"$57,113","Paradise Independent School District / 4,812"
"$57,083",Bluff Dale Independent School District / 915
"$57,083",Stephenville Independent School Distict (9-12) in Bluff Dale / 915
"$57,069","Winona Independent School District / 5,228"
"$56,917","Millsap Independent School District / 4,096"
"$56,875",Leveretts Chapel Independent School District / 887
"$56,827","Cushing Independent School District / 2,881"
"$56,778","Chapel Hill Independent School District / 3,840"
"$56,736",Rochelle Independent School District / 851
"$56,574","Sealy Independent School District / 13,159"
"$56,500","Evadale Independent School District / 1,548"
"$56,500",Spring Creek Independent School District / 84
"$56,484","Dime Box Independent School District / 1,475"
"$56,409","Alvarado Independent School District / 17,906"
"$56,391","Angleton Independent School District / 38,052"
"$56,346",Hermleigh Independent School District / 787
"$56,324","Garner Independent School District / 3,305"
"$56,295","Scurry-Rosser Independent School District / 4,093"
"$56,250","Abbott Independent School District / 1,218"
"$56,245","Columbia-Brazoria Independent School District / 18,763"
"$56,181","Sharyland Independent School District / 42,357"
"$56,121","Sabine Independent School District / 5,502"
"$56,118","Elgin Independent School District / 20,289"
"$56,097","Odem-Edroy Independent School District / 4,313"
"$56,071","Bynum Independent School District / 1,066"
"$56,071",Dodd City Independent School District / 913
"$55,988","Seminole Independent School District / 15,166"
"$55,878","Manor Independent School District / 38,835"
"$55,847","Brazosport Independent School District / 62,345"
"$55,750","Orange Grove Independent School District / 8,616"
"$55,726","River Road Independent School District / 7,580"
"$55,723","Weatherford Independent School District / 48,824"
"$55,588","Richards Independent School District / 1,556"
"$55,577",Prairie Valley Independent School District / 737
"$55,450","S and S Consolidated Independent School District / 3,929"
"$55,431","Frenship Independent School District / 42,216"
"$55,358","North Lamar Independent School District / 17,764"
"$55,284","Lytle Independent School District / 7,471"
"$55,193","Pleasanton Independent School District / 16,739"
"$55,179","Gholson Independent School District / 1,229"
"$55,144","Jarrell Independent School District / 8,059"
"$55,000",Meadow Independent School District / 999
"$54,989","Bullard Independent School District / 11,887"
"$54,940","Collinsville Independent School District / 2,988"
"$54,903","Ector County Independent School District / 144,932"
"$54,889","Bastrop Independent School District / 47,523"
"$54,886","Irion County Independent School District / 1,626"
"$54,878","White Settlement Independent School District / 32,349"
"$54,818","Hurst-Euless-Bedford Independent School District / 144,428"
"$54,792",San Vincente Independent School District / 150
"$54,727","East Central Independent School District / 47,275"
"$54,639","Caldwell Independent School District / 9,837"
"$54,621","Granbury Independent School District / 48,492"
"$54,583","Ricardo Independent School District / 3,782"
"$54,375",Harrold Independent School District / 125
"$54,352","Freer Independent School District / 2,907"
"$54,327",Malone Independent School District / 572
"$54,255","Burkburnett Independent School District / 19,551"
"$54,239",Groom Independent School District / 646
"$54,231","New Caney Independent School District / 53,655"
"$54,183","Harts Bluff Independent School District / 2,834"
"$54,167","Ben Bolt-Palito Blanco Independent School District / 2,375"
"$54,167",Highland Independent School District / 249
"$54,167","Vega Independent School District / 1,044"
"$53,989","Port Neches-Groves Independent School District / 26,030"
"$53,988","Richardson Independent School District / 227,419"
"$53,981","Anderson-Shiro Consolidated Independent School District / 3,367"
"$53,848","Pottsboro Independent School District / 8,114"
"$53,839","Sweeny Independent School District / 9,944"
"$53,813","Eden Consolidated Independent School District / 3,430"
"$53,768","Fredericksburg Independent School District / 22,257"
"$53,689","Beckville Independent School District / 2,433"
"$53,676","Austin Independent School District / 675,107"
"$53,571","Smyer Independent School District / 2,020"
"$53,295","Whiteface Consolidated Independent School District / 1,019"
"$53,281","Hallsburg Independent School District / 1,095"
"$53,274","Natalia Independent School District / 5,858"
"$53,235","New Diana Independent School District / 3,944"
"$53,192","Copperas Cove Independent School District / 36,922"
"$53,144","Woden Independent School District / 3,171"
"$53,068","Albany Independent School District / 2,799"
"$53,000","Normangee Independent School District / 2,837"
"$52,991","Spring Independent School District / 178,081"
"$52,969","Sundown Independent School District / 1,429"
"$52,923","Sanford-Fritch Independent School District / 5,341"
"$52,895","Highland Park Independent School District / 7,496"
"$52,750",Dawson Independent School District / 335
"$52,692","Reagan County Independent School District / 3,520"
"$52,688","Blue Ridge Independent School District / 3,535"
"$52,651","Thorndale Independent School District / 3,008"
"$52,596",Murchison Independent School District / 726
"$52,585","Bishop Consolidated Independent School District / 5,430"
"$52,574","Sunray Independent School District / 2,533"
"$52,500","Farmersville Independent School District / 8,402"
"$52,500",Guthrie Common School District / 262
"$52,500","Petrolia Independent School District / 2,974"
"$52,451","Crane Independent School District / 4,602"
"$52,417","Coahoma Independent School District / 3,226"
"$52,386","Martinsville Independent School District / 1,226"
"$52,279","McDade Independent School District / 2,153"
"$52,279","Elgin/Giddings Independent School Districts (9-12) in McDade / 2,153"
"$52,250",Northside Independent School District / 246
"$52,240","Lexington Independent School District / 5,555"
"$52,132","Comfort Independent School District / 7,567"
"$52,127","Burnet Consolidated Independent School District / 21,985"
"$52,125","Ector Independent School District / 3,166"
"$52,123","Bellville Independent School District / 12,884"
"$52,109","Bells Independent School District / 3,701"
"$52,090","Kermit Independent School District / 6,253"
"$52,026","La Grange Independent School District / 12,039"
"$51,967","Duncanville Independent School District / 70,717"
"$51,944","Denver City Independent School District / 5,682"
"$51,832","Abernathy Independent School District / 3,967"
"$51,757","Fort Davis Independent School District / 2,059"
"$51,746","Carthage Independent School District / 16,677"
"$51,742","Henrietta Independent School District / 5,381"
"$51,708","Pine Tree Independent School District / 25,576"
"$51,696","Yantis Independent School District / 2,884"
"$51,678","Tarkington Independent School District / 8,834"
"$51,667","Johnson City Independent School District / 5,492"
"$51,667",Sands Consolidated Independent School District / 451
"$51,607",Loop Independent School District / 661
"$51,594","Crockett County Consolidated Common School District / 3,871"
"$51,549","Bridgeport Independent School District / 11,903"
"$51,528","Brazos Independent School District / 3,840"
"$51,500","Bremond Independent School District / 2,031"
"$51,490","Lancaster Independent School District / 37,411"
"$51,477",Mount Calm Independent School District / 974
"$51,467","Weimar Independent School District / 5,293"
"$51,458","Webb Consolidated Independent School District / 1,278"
"$51,441","Buffalo Independent School District / 5,919"
"$51,425","Goose Creek Consolidated Independent School District / 105,269"
"$51,393","Era Independent School District / 2,091"
"$51,267","Perryton Independent School District / 10,417"
"$51,250",Westphalia Independent School District / 404
"$51,250",Zephyr Independent School District / 817
"$51,217","Banquete Independent School District / 4,709"
"$51,154",Mumford Independent School District / 251
"$51,129","Sheldon Independent School District / 34,072"
"$51,109","Glen Rose Independent School District / 8,535"
"$51,100",Cranfills Gap Independent School District / 791
"$51,086","Cleburne Independent School District / 36,816"
"$51,042",Malta Independent School District / 784
"$51,037","Florence Independent School District / 4,746"
"$51,023",Vysehrad Independent School District / 766
"$51,023",Hallettsville Independent School District (9-12) in Vysehrad / 766
"$50,967","Lockhart Independent School District / 23,826"
"$50,941","Harmony Independent School District / 6,274"
"$50,938",Dew Independent School District / 692
"$50,909","Grand Prairie Independent School District / 125,614"
"$50,905","Miller Grove Independent School District / 1,542"
"$50,840","Iowa Park Consolidated Independent School District / 15,412"
"$50,839","Socorro Independent School District / 194,896"
"$50,785","Devine Independent School District / 8,247"
"$50,743","Friona Independent School District / 4,731"
"$50,688","Sinton Independent School District / 9,991"
"$50,665","Kaufman Independent School District / 16,791"
"$50,662","North Hopkins Independent School District / 2,390"
"$50,658","McLean Independent School District / 1,243"
"$50,652","Evant Independent School District / 1,409"
"$50,585","Splendora Independent School District / 14,053"
"$50,536","Ropes Independent School District / 1,279"
"$50,509","Sterling City Independent School District / 1,360"
"$50,500",Texhoma Independent School District / 390
"$50,492","Axtell Independent School District / 3,173"
"$50,473","May Independent School District / 2,235"
"$50,451","Levelland Independent School District / 16,294"
"$50,444","City View Independent School District / 4,562"
"$50,417","Round Top-Carmine Independent School District / 1,635"
"$50,403","Arlington Independent School District / 347,355"
"$50,386","Tatum Independent School District / 5,047"
"$50,382","Boyd Independent School District / 5,566"
"$50,368","Brookeland Independent School District / 1,898"
"$50,360","Victoria Independent School District / 80,467"
"$50,332","Stockdale Independent School District / 5,215"
"$50,278","Fayetteville Independent School District / 1,743"
"$50,229","Snyder Independent School District / 15,831"
"$50,192","Chester Independent School District / 1,352"
"$50,186","Teague Independent School District / 6,418"
"$50,154","Coldspring-Oakhurst Consolidated Independent School District / 12,408"
"$50,146","Monahans-Wickett-Pyote Independent School District / 10,047"
"$50,139",Ira Independent School District / 459
"$50,114","Hunt Independent School District / 1,398"
"$50,017","Post Independent School District / 6,159"
"$50,000","Anson Independent School District / 3,376"
"$50,000","Aquilla Independent School District / 1,158"
"$50,000",Whitharral Independent School District / 570
"$49,967","Elysian Fields Independent School District / 4,103"
"$49,943","Early Independent School District / 5,646"
"$49,939","Central Independent School District / 7,648"
"$49,821",Midway Independent School District / 890
"$49,781","Lapoynor Independent School District / 3,270"
"$49,740","Lampasas Independent School District / 19,940"
"$49,735","Itasca Independent School District / 3,388"
"$49,717","Princeton Independent School District / 15,472"
"$49,702","Goliad Independent School District / 7,357"
"$49,664","Canutillo Independent School District / 30,535"
"$49,656","Killeen Independent School District / 205,283"
"$49,545","Giddings Independent School District / 9,779"
"$49,523","Ferris Independent School District / 9,680"
"$49,489","Channelview Independent School District / 36,929"
"$49,444","Bland Independent School District / 3,067"
"$49,444","Lorenzo Independent School District / 1,458"
"$49,408","Chico Independent School District / 3,585"
"$49,333","Granger Independent School District / 2,536"
"$49,291","Kilgore Independent School District / 23,564"
"$49,250","Lackland Independent School District / 9,296"
"$49,167","Milford Independent School District / 1,324"
"$49,158","Roosevelt Independent School District / 7,060"
"$49,107","Thrall Independent School District / 2,661"
"$49,063",Cherokee Independent School District / 661
"$49,043","Centerville Independent School District / 4,478"
"$49,014","Deweyville Independent School District / 4,445"
"$49,002","Central Heights Independent School District / 3,686"
"$49,000","Gary Independent School District / 2,428"
"$48,986","Sonora Independent School District / 3,995"
"$48,984","Plemons-Stinnett-Phillips Consolidated Independent School District / 2,158"
"$48,911","Clifton Independent School District / 6,101"
"$48,851","Childress Independent School District / 7,093"
"$48,775","Brenham Independent School District / 31,080"
"$48,673","West Independent School District / 7,859"
"$48,668","Santo Independent School District / 3,065"
"$48,651","Tioga Independent School District / 1,402"
"$48,618","Stratford Independent School District / 2,571"
"$48,617","Gilmer Independent School District / 15,386"
"$48,600","Water Valley Independent School District / 1,835"
"$48,547","Overton Independent School District / 3,272"
"$48,537","Poolville Independent School District / 2,373"
"$48,485","Edgewood Independent School District / 4,780"
"$48,401","Marble Falls Independent School District / 23,700"
"$48,401","Sulphur Bluff Independent School District / 1,419"
"$48,396","Ganado Independent School District / 3,336"
"$48,393",McLeod Independent School District / 836
"$48,359","Mesquite Independent School District / 171,970"
"$48,333",Penelope Independent School District / 553
"$48,333",Santa Gertrudis Independent School District / 81
"$48,289","Prairie Lea Independent School District / 1,250"
"$48,274","Colorado Independent School District / 7,552"
"$48,271","Bandera Independent School District / 17,428"
"$48,253","Dalhart Independent School District / 10,803"
"$48,250","Hawkins Independent School District / 5,815"
"$48,235","Gatesville Independent School District / 22,919"
"$48,144","Warren Independent School District / 5,135"
"$48,125","Edna Independent School District / 8,015"
"$48,125","Saltillo Independent School District / 1,166"
"$48,033","United Independent School District / 164,642"
"$48,000","Jacksboro Independent School District / 6,234"
"$48,000","Somerset Independent School District / 14,376"
"$47,955","Eula Independent School District / 2,962"
"$47,908","Troup Independent School District / 4,556"
"$47,875","Plains Independent School District / 2,321"
"$47,857","East Bernard Independent School District / 4,241"
"$47,803","Grape Creek Independent School District / 5,468"
"$47,712","Medina Independent School District / 2,235"
"$47,705","Taylor Independent School District / 16,885"
"$47,686","Laneville Independent School District / 1,663"
"$47,621","Diboll Independent School District / 10,254"
"$47,614","Graham Independent School District / 13,627"
"$47,585","Hardin Independent School District / 7,306"
"$47,546","Calhoun County Independent School District / 21,569"
"$47,543","Chillicothe Independent School District / 1,068"
"$47,454","Hondo Independent School District / 12,358"
"$47,434",Westhoff Independent School District / 472
"$47,411",Nazareth Independent School District / 806
"$47,386",Nordheim Independent School District / 821
"$47,344","Chisum Independent School District / 3,418"
"$47,344","Woodsboro Independent School District / 2,676"
"$47,317","Dumas Independent School District / 19,741"
"$47,273","Miles Independent School District / 2,221"
"$47,250",Palo Pinto Independent School District / 866
"$47,250","Savoy Independent School District / 1,502"
"$47,206","Campbell Independent School District / 1,768"
"$47,197","Refugio Independent School District / 3,780"
"$47,188","Yorktown Independent School District / 4,092"
"$47,159","Carlisle Independent School District / 2,420"
"$47,083","Graford Independent School District / 2,520"
"$47,034","Llano Independent School District / 17,434"
"$47,031","Kress Independent School District / 1,133"
"$46,968","Stanton Independent School District / 4,108"
"$46,944",Blackwell Consolidated Independent School District / 998
"$46,906","Rains Independent School District / 10,753"
"$46,901","Hitchcock Independent School District / 9,887"
"$46,823","Shiner Independent School District / 3,606"
"$46,818",Hedley Independent School District / 622
"$46,797",Montague Independent School District / 579
"$46,780","Fort Stockton Independent School District / 13,530"
"$46,719","Happy Independent School District / 1,121"
"$46,667","St. Jo Independent School District / 1,718"
"$46,618","Utopia Independent School District / 1,062"
"$46,612","DeKalb Independent School District / 4,388"
"$46,594","Kountze Independent School District / 7,992"
"$46,579",Jayton-Girard Independent School District / 850
"$46,563","Big Sandy Independent School District / 4,992"
"$46,550","Anahuac Independent School District / 5,806"
"$46,474","El Campo Independent School District / 17,415"
"$46,429",Sidney Independent School District / 631
"$46,420",Wellman-Union Consolidated Independent School District / 782
"$46,354","Arp Independent School District / 5,087"
"$46,354","Huckabay Independent School District / 1,544"
"$46,297","Texas City Independent School District / 27,678"
"$46,288","Terrell Independent School District / 25,378"
"$46,275","Quinlan Independent School District / 18,047"
"$46,250",Marathon Independent School District / 679
"$46,250",Walnut Bend Independent School District / 125
"$46,193","Corpus Christi Independent School District / 241,559"
"$46,169","Chireno Independent School District / 1,756"
"$46,131","Cuero Independent School District / 10,560"
"$46,071","Leonard Independent School District / 4,181"
"$46,069","Houston Independent School District / 1,397,288"
"$46,050","Springlake-Earth Independent School District / 1,637"
"$46,025","Groesbeck Independent School District / 10,158"
"$46,023","Oglesby Independent School District / 1,138"
"$45,939","Bowie Independent School District / 10,103"
"$45,926","Van Vleck Independent School District / 5,091"
"$45,901","Waskom Independent School District / 3,826"
"$45,893","Hico Independent School District / 3,773"
"$45,886","Columbus Independent School District / 9,801"
"$45,786","Tahoka Independent School District / 2,962"
"$45,769","Seguin Independent School District / 45,251"
"$45,714","Anton Independent School District / 1,514"
"$45,673",Comstock Independent School District / 620
"$45,598","Honey Grove Independent School District / 3,553"
"$45,541","Hull-Daisetta Independent School District / 2,714"
"$45,539","Borger Independent School District / 14,618"
"$45,481","Roscoe Independent School District / 1,977"
"$45,469","Leary Independent School District / 1,422"
"$45,446","Morgan Independent School District / 1,047"
"$45,375","Harper Independent School District / 3,589"
"$45,375","Roby Consolidated Independent School District / 1,289"
"$45,345","Riesel Independent School District / 1,966"
"$45,341",Moran Independent School District / 470
"$45,313",Mullin Independent School District / 728
"$45,268","Farwell Independent School District / 2,667"
"$45,260","Blooming Grove Independent School District / 3,722"
"$45,250","Covington Independent School District / 1,256"
"$45,237","Pampa Independent School District / 21,236"
"$45,208",McMullen County Independent School District / 646
"$45,168","West Rusk Independent School District / 6,769"
"$45,156",Higgins Independent School District / 586
"$45,155","Yoakum Independent School District / 7,980"
"$45,139","Whitewright Independent School District / 3,726"
"$45,131","Big Spring Independent School District / 29,641"
"$45,076","North Zulch Independent School District / 1,648"
"$45,054","Pettus Independent School District / 1,995"
"$45,039","Pasadena Independent School District / 253,162"
"$44,966","Luling Independent School District / 7,771"
"$44,931",Richland Springs Independent School District / 894
"$44,929","Buna Independent School District / 8,194"
"$44,920","Brownsboro Independent School District / 15,411"
"$44,911","Venus Independent School District / 10,125"
"$44,861",High Island Independent School District / 738
"$44,833","Hallettsville Independent School District / 7,018"
"$44,821","Kennard Independent School District / 2,521"
"$44,821","Louise Independent School District / 2,474"
"$44,821","Snook Independent School District / 2,986"
"$44,812","Three Rivers Independent School District / 4,317"
"$44,803","Flatonia Independent School District / 3,534"
"$44,792","Hidalgo Independent School District / 8,671"
"$44,773","D'Hanis Independent School District / 1,680"
"$44,712",Avalon Independent School District / 740
"$44,707","Pecos-Barstow-Toyah Independent School District / 13,707"
"$44,651","Vidor Independent School District / 25,661"
"$44,643","Schleicher Independent School District / 3,281"
"$44,639","Goldthwaite Independent School District / 3,370"
"$44,606","Center Point Independent School District / 3,868"
"$44,583","Detroit Independent School District / 2,289"
"$44,583","George West Independent School District / 6,869"
"$44,583","Haskell Consolidated Independent School District / 4,319"
"$44,577","Leon Independent School District / 3,910"
"$44,561","Smithville Independent School District / 10,322"
"$44,516","Jonesboro Independent School District / 1,040"
"$44,492","Harleton Independent School District / 3,672"
"$44,491","Spearman Independent School District / 3,770"
"$44,471","Cross Roads Independent School District / 3,242"
"$44,468","Sulphur Springs Independent School District / 23,454"
"$44,444","Port Aransas Independent School District / 3,834"
"$44,444","Seagraves Independent School District / 2,736"
"$44,433","Whitesboro Independent School District / 9,220"
"$44,401","Clyde Consolidated Independent School District / 13,346"
"$44,395","Ennis Independent School District / 27,178"
"$44,334","Mineola Independent School District / 8,968"
"$44,327","East Chambers Independent School District / 6,052"
"$44,306",Paint Rock Independent School District / 613
"$44,306","Southside Independent School District / 24,460"
"$44,299","Mount Vernon Independent School District / 9,265"
"$44,286","Driscoll Independent School District / 1,241"
"$44,286","Gruver Independent School District / 1,690"
"$44,219","Shamrock Independent School District / 2,269"
"$44,205",Boles Independent School District / 716
"$44,205",Pawnee Independent School District / 454
"$44,152","Bloomington Independent School District / 4,126"
"$44,145","Valley Mills Independent School District / 3,469"
"$44,135","McCamey Independent School District / 2,282"
"$44,118","Lone Oak Independent School District / 4,562"
"$44,100","Moody Independent School District / 3,626"
"$44,090","Amarillo Independent School District / 172,205"
"$44,053","Henderson Independent School District / 22,571"
"$44,041","Canton Independent School District / 11,951"
"$43,977","Gause Independent School District / 1,116"
"$43,929","Dilley Independent School District / 4,775"
"$43,822","Cayuga Independent School District / 11,068"
"$43,809","Los Fresnos Consolidated Independent School District / 47,552"
"$43,789","Everman Independent School District / 23,680"
"$43,783","Irving Independent School District / 177,830"
"$43,750",Ezzell Independent School District / 787
"$43,750","Mason Independent School District / 4,151"
"$43,750","Somerville Independent School District / 4,413"
"$43,750","Waelder Independent School District / 2,439"
"$43,741","Tyler Independent School District / 119,993"
"$43,632","Bay City Independent School District / 20,162"
"$43,631","Celeste Independent School District / 2,168"
"$43,621","Mount Enterprise Independent School District / 1,778"
"$43,562","Kenedy Independent School District / 6,889"
"$43,550","New Deal Independent School District / 3,614"
"$43,523","Hart Independent School District / 1,534"
"$43,500","Avinger Independent School District / 1,106"
"$43,488","Queen City Independent School District / 6,075"
"$43,444","San Angelo Independent School District / 97,826"
"$43,435","Westwood Independent School District / 12,712"
"$43,393","Wellington Independent School District / 3,013"
"$43,371","Etoile Independent School District / 1,639"
"$43,266","Gonzales Independent School District / 12,980"
"$43,239","Colmesneil Independent School District / 2,451"
"$43,204","Dublin Independent School District / 6,646"
"$43,086","Hooks Independent School District / 4,063"
"$43,069","Navasota Independent School District / 18,835"
"$43,056","Temple Independent School District / 54,718"
"$43,024","Italy Independent School District / 2,893"
"$43,000",Lohn Independent School District / 237
"$42,989","Sherman Independent School District / 41,941"
"$42,961","Knox City-O'Brien Independent School District / 1,563"
"$42,931","Liberty Independent School District / 11,603"
"$42,930","Sam Rayburn Independent School District / 2,260"
"$42,908","Breckenridge Independent School District / 9,353"
"$42,886","Simms Independent School District / 4,954"
"$42,853","McGregor Independent School District / 6,147"
"$42,788","Riviera Independent School District / 1,552"
"$42,788","Southwest Independent School District / 56,415"
"$42,766","Ingram Independent School District / 8,638"
"$42,740","Gustine Independent School District / 1,238"
"$42,736","Meridian Independent School District / 2,571"
"$42,734","McAllen Independent School District / 121,374"
"$42,733","Plainview Independent School District / 27,898"
"$42,712","San Felipe-Del Rio Consolidated Independent School District / 48,379"
"$42,696","Merkel Independent School District / 5,884"
"$42,693","Dallas Independent School District / 1,051,712"
"$42,688","Aransas County Independent School District / 22,053"
"$42,632","Cooper Independent School District / 4,459"
"$42,575","Fairfield Independent School District / 9,941"
"$42,574","Amherst Independent School District / 1,198"
"$42,518","Hereford Independent School District / 18,935"
"$42,500","Blum Independent School District / 1,624"
"$42,500","Fruitvale Independent School District / 1,752"
"$42,428","Bruceville-Eddy Independent School District / 4,027"
"$42,428","Hawley Independent School District / 2,340"
"$42,400","Cumby Independent School District / 2,025"
"$42,394","Poteet Independent School District / 8,710"
"$42,321","Como-Pickton Consolidated Independent School District / 3,483"
"$42,250",Patton Springs Independent School District / 412
"$42,232","Aspermont Independent School District / 1,364"
"$42,188","Whitney Independent School District / 9,761"
"$42,091","Hughes Springs Independent School District / 5,321"
"$42,082","Wichita Falls Independent School District / 88,905"
"$42,024","Blanket Independent School District / 1,304"
"$42,019","Martins Mill Independent School District / 2,508"
"$41,989",Lefors Independent School District / 386
"$41,930","Muleshoe Independent School District / 6,925"
"$41,919","Baird Independent School District / 2,717"
"$41,914","Skidmore-Tynan Independent School District / 2,976"
"$41,881","La Marque Independent School District / 28,184"
"$41,857","Van Independent School District / 12,542"
"$41,818","Galena Park Independent School District / 86,580"
"$41,806","Kemp Independent School District / 10,731"
"$41,725","New Boston Independent School District / 7,196"
"$41,722","Kerrville Independent School District / 33,729"
"$41,719","Austwell-Tivoli Independent School District / 1,017"
"$41,719","Marfa Independent School District / 2,427"
"$41,715","Gladewater Independent School District / 11,047"
"$41,686","Greenville Independent School District / 31,281"
"$41,635","Matagorda Independent School District / 1,045"
"$41,607","Hamilton Independent School District / 4,833"
"$41,602","New Summerfield Independent School District / 2,733"
"$41,597","Grand Saline Independent School District / 6,822"
"$41,531","Vernon Independent School District / 12,717"
"$41,493","Silsbee Independent School District / 17,131"
"$41,448","Gainesville Independent School District / 18,057"
"$41,429","Rocksprings Independent School District / 1,711"
"$41,429","Bovina Independent School District / 2,198"
"$41,420","Neches Independent School District / 1,568"
"$41,411","Schulenburg Independent School District / 5,013"
"$41,406","Wolfe City Independent School District / 3,383"
"$41,377","Alba-Golden Independent School District / 5,909"
"$41,373","Quitman Independent School District / 8,857"
"$41,354","Malakoff Independent School District / 9,713"
"$41,347","Fort Worth Independent School District / 479,368"
"$41,321","Lufkin Independent School District / 47,578"
"$41,313","Frankston Independent School District / 4,669"
"$41,310","Prairiland Independent School District / 5,583"
"$41,261","Beeville Independent School District / 27,314"
"$41,250",Adrian Independent School District / 395
"$41,250","Archer City Independent School District / 2,822"
"$41,250",Channing Independent School District / 912
"$41,250","Damon Independent School District / 1,235"
"$41,250","Slocum Independent School District / 1,918"
"$41,213","Throckmorton Independent School District / 1,151"
"$41,210","Electra Independent School District / 3,107"
"$41,203","Chapel Hill Independent School District / 23,644"
"$41,181","Kopperl Independent School District / 1,982"
"$41,168","Bryan Independent School District / 94,730"
"$41,155","Hempstead Independent School District / 8,623"
"$41,088","Bonham Independent School District / 13,995"
"$41,071","Lockney Independent School District / 2,318"
"$41,042",Strawn Independent School District / 682
"$40,991","Milano Independent School District / 1,888"
"$40,976","Alice Independent School District / 24,822"
"$40,972",Valentine Independent School District / 223
"$40,950","Mount Pleasant Independent School District / 23,073"
"$40,944","Madisonville Consolidated Independent School District / 13,703"
"$40,814","Marshall Independent School District / 34,305"
"$40,809","West Hardin County Consolidated Independent School District / 3,884"
"$40,795","Livingston Independent School District / 27,676"
"$40,781",Terrell County Independent School District / 809
"$40,729","Cleveland Independent School District / 21,897"
"$40,721","Floydada Independent School District / 3,852"
"$40,694","Aransas Pass Independent School District / 10,935"
"$40,694","Bloomburg Independent School District / 1,435"
"$40,694","Ore City Independent School District / 4,606"
"$40,625","Petersburg Independent School District / 1,487"
"$40,583","Bartlett Independent School District / 2,728"
"$40,577","Frost Independent School District / 1,876"
"$40,526","El Paso Independent School District / 329,129"
"$40,502","Slaton Independent School District / 7,560"
"$40,491","Wills Point Independent School District / 12,974"
"$40,473","Junction Independent School District / 4,192"
"$40,455",Knippa Independent School District / 922
"$40,329",Lueders-Avoca Independent School District / 528
"$40,326","Union Hill Independent School District / 2,040"
"$40,278","Lovelady Independent School District / 4,935"
"$40,270","Hudson Independent School District / 11,727"
"$40,250","Runge Independent School District / 1,403"
"$40,208","Olton Independent School District / 2,705"
"$40,200","Mabank Independent School District / 21,851"
"$40,184","Denison Independent School District / 27,931"
"$40,151","Abilene Independent School District / 103,871"
"$40,109","Leakey Independent School District / 2,065"
"$40,053","Rusk Independent School District / 11,745"
"$40,035","Woodville Independent School District / 11,976"
"$40,000","Walnut Springs Independent School District / 1,163"
"$39,980","Winters Independent School District / 3,277"
"$39,955","Kirbyville Consolidated Independent School District / 6,850"
"$39,952","Clarendon Independent School District / 3,057"
"$39,928","Corsicana Independent School District / 29,438"
"$39,896","Hamlin Independent School District / 2,390"
"$39,891","Del Valle Independent School District / 62,825"
"$39,861","Burkeville Independent School District / 3,131"
"$39,813",Devers Independent School District / 970
"$39,780","Galveston Independent School District / 50,725"
"$39,779","Karnes City Independent School District / 4,240"
"$39,767","Corrigan-Camden Independent School District / 5,195"
"$39,764","Keene Independent School District / 5,370"
"$39,688","Morton Independent School District / 2,173"
"$39,659","Nocona Independent School District / 4,663"
"$39,629","Beaumont Independent School District / 133,236"
"$39,563","Palestine Independent School District / 20,649"
"$39,543","Dawson Independent School District / 2,875"
"$39,500","Sudan Independent School District / 1,516"
"$39,434","Mathis Independent School District / 8,993"
"$39,352","Garrison Independent School District / 2,900"
"$39,306","Bronte Independent School District / 1,507"
"$39,288","Lubbock Independent School District / 190,845"
"$39,286","Panther Creek Consolidated Independent School District / 1,210"
"$39,286","Silverton Independent School District / 1,119"
"$39,247","Onalaska Independent School District / 6,678"
"$39,243","Daingerfield-Lone Star Independent School District / 8,361"
"$39,236","Avery Independent School District / 1,528"
"$39,152","Mineral Wells Independent School District / 19,402"
"$39,118",Trent Independent School District / 683
"$39,025","Rice Consolidated Independent School District / 6,455"
"$39,010","Brady Independent School District / 7,205"
"$38,953","Maud Independent School District / 2,419"
"$38,918","Lake Worth Independent School District / 15,994"
"$38,791","Brownwood Independent School District / 21,084"
"$38,785","Eustace Independent School District / 7,105"
"$38,750","Holland Independent School District / 2,079"
"$38,690","Huntington Independent School District / 7,340"
"$38,684","Zavalla Independent School District / 2,795"
"$38,596","Bangs Independent School District / 6,164"
"$38,594","Mart Independent School District / 3,510"
"$38,588","Ralls Independent School District / 2,461"
"$38,466","Apple Springs Independent School District / 1,447"
"$38,407","Lamesa Independent School District / 12,403"
"$38,383","Shepherd Independent School District / 10,053"
"$38,237","Hubbard Independent School District / 2,204"
"$38,232","Alief Independent School District / 260,825"
"$38,201","Pittsburg Independent School District / 12,841"
"$38,140","Carrizo Springs Consolidated Independent School District / 10,537"
"$38,138","Longview Independent School District / 56,682"
"$38,108","La Vega Independent School District / 13,349"
"$38,031","Rice Independent School District / 3,031"
"$38,013","Hearne Independent School District / 7,174"
"$38,013","Jim Hogg County Independent School District / 5,266"
"$37,969","Shelbyville Independent School District / 3,486"
"$37,938","Cisco Independent School District / 4,978"
"$37,917",Excelsior Independent School District / 593
"$37,917","Wortham Independent School District / 2,104"
"$37,886","West Orange-Cove Consolidated Independent School District / 16,927"
"$37,813",Sierra Blanca Independent School District / 853
"$37,813","Winnsboro Independent School District / 8,087"
"$37,796","Harlingen Consolidated Independent School District / 85,433"
"$37,750","Edinburg Consolidated Independent School District / 142,887"
"$37,713","Rotan Independent School District / 1,944"
"$37,699","Alpine Independent School District / 7,611"
"$37,656","Gorman Independent School District / 1,588"
"$37,614","Robert Lee Independent School District / 1,625"
"$37,589",Ramirez Common School District / 381
"$37,368","Gordon Independent School District / 1,175"
"$37,356","Spur Independent School District / 1,935"
"$37,341","Brownfield Independent School District / 10,805"
"$37,321",Winfield Independent School District / 946
"$37,321",Mount Pleasant Independent School District (9-12) in Winfield / 946
"$37,232","Rio Hondo Independent School District / 8,865"
"$37,230","Huntsville Independent School District / 62,791"
"$37,214","Kerens Independent School District / 3,629"
"$37,110","Clint Independent School District / 41,057"
"$37,025","Joaquin Independent School District / 3,433"
"$36,990","Athens Independent School District / 21,692"
"$36,954","Dimmitt Independent School District / 5,449"
"$36,929","Crosbyton Consolidated Independent School District / 2,188"
"$36,875",Trinidad Independent School District / 777
"$36,853","Mexia Independent School District / 11,243"
"$36,819","Royal Independent School District / 10,638"
"$36,784","College Station Independent School District / 105,878"
"$36,688","Trinity Independent School District / 7,264"
"$36,642","Tidehaven Independent School District / 3,838"
"$36,638","Point Isabel Independent School District / 15,048"
"$36,627","Wharton Independent School District / 13,285"
"$36,600","Kingsville Independent School District / 26,727"
"$36,563","DeLeon Independent School District / 4,047"
"$36,563",Kenedy County-wide Common School District / 528
"$36,555","Sabinal Independent School District / 2,375"
"$36,532","Aldine Independent School District / 276,903"
"$36,504","Center Independent School District / 11,709"
"$36,460","Cameron Independent School District / 7,641"
"$36,457","Sweetwater Independent School District / 12,672"
"$36,333","Lometa Independent School District / 1,526"
"$36,316","Leggett Independent School District / 1,078"
"$36,250",Paint Creek Independent School District / 333
"$36,210","Castleberry Independent School District / 19,763"
"$36,192","Stamford Independent School District / 3,297"
"$36,173","Stephenville Independent School District / 25,777"
"$36,116","Latexo Independent School District / 2,176"
"$36,089","Liberty-Eylau Independent School District / 14,508"
"$36,079","Ysleta Independent School District / 196,164"
"$36,078","Palacios Independent School District / 6,936"
"$36,050","Grapeland Independent School District / 4,631"
"$36,025","Rivercrest Independent School District / 3,914"
"$36,023",Benjamin Independent School District / 391
"$36,000",Woodson Independent School District / 445
"$35,974","Eastland Independent School District / 6,382"
"$35,972","Big Sandy Independent School District / 2,097"
"$35,970","Texarkana Independent School District / 31,700"
"$35,893",Grandfalls-Royalty Independent School District / 472
"$35,833","Uvalde Consolidated Independent School District / 23,709"
"$35,824","Valley View Independent School District / 13,348"
"$35,815","Rosebud-Lott Independent School District / 5,331"
"$35,795","Oakwood Independent School District / 1,203"
"$35,783","Tulia Independent School District / 5,797"
"$35,703","Atlanta Independent School District / 9,453"
"$35,557","Jacksonville Independent School District / 25,404"
"$35,492","Nixon-Smiley Consolidated Independent School District / 4,770"
"$35,412","Taft Independent School District / 4,866"
"$35,302","Culberson County-Allamoore Independent School District / 2,325"
"$35,248","Jefferson Independent School District / 9,575"
"$35,218","South San Antonio Independent School District / 46,748"
"$35,217","Tenaha Independent School District / 2,718"
"$35,208",Southland Independent School District / 209
"$35,205","Ballinger Independent School District / 5,250"
"$35,164","Hale Center Independent School District / 3,322"
"$35,067","Littlefield Independent School District / 6,962"
"$35,040","Motley County Independent School District / 1,178"
"$35,034","Nacogdoches Independent School District / 46,674"
"$35,027","Karnack Independent School District / 2,443"
"$35,024","Pearsall Independent School District / 12,939"
"$35,009","Pharr-San Juan-Alamo Independent School District / 126,449"
"$35,000",Balmorhea Independent School District / 763
"$34,957","Connally Independent School District / 14,333"
"$34,702","Timpson Independent School District / 4,033"
"$34,659",Rule Independent School District / 951
"$34,653","Quanah Independent School District / 3,159"
"$34,637","West Oso Independent School District / 8,682"
"$34,629","Pewitt Consolidated Independent School District / 5,780"
"$34,625",Bellevue Independent School District / 781
"$34,552","Jasper Independent School District / 17,447"
"$34,479","Hemphill Independent School District / 7,077"
"$34,453",Sabine Pass Independent School District / 381
"$34,438","Cotulla Independent School District / 6,864"
"$34,415","Bryson Independent School District / 1,574"
"$34,375","Lingleville Independent School District / 1,353"
"$34,375","Turkey-Quitaque Independent School District / 1,191"
"$34,365","Coleman Independent School District / 5,677"
"$34,333","Paducah Independent School District / 1,554"
"$34,333","Roxton Independent School District / 1,177"
"$34,306","Crowell Independent School District / 1,204"
"$34,271",Priddy Independent School District / 346
"$34,091","Cross Plains Independent School District / 2,516"
"$33,926","San Saba Independent School District / 4,322"
"$33,893","La Feria Independent School District / 15,508"
"$33,750",Cotton Center Independent School District / 350
"$33,739","Weslaco Independent School District / 69,395"
"$33,705","Comanche Independent School District / 7,477"
"$33,614","Chilton Independent School District / 2,013"
"$33,580","Menard Independent School District / 2,129"
"$33,555","Wells Independent School District / 2,005"
"$33,500","Munday Consolidated Independent School District / 1,961"
"$33,432","Ranger Independent School District / 3,547"
"$33,429","Memphis Independent School District / 2,597"
"$33,425","San Marcos Consolidated Independent School District / 69,985"
"$33,312","Seymour Independent School District / 3,663"
"$33,083","Boling Independent School District / 4,021"
"$33,046","Harlandale Independent School District / 64,015"
"$32,962","Hillsboro Independent School District / 10,870"
"$32,923","West Sabine Independent School District / 3,069"
"$32,917","Santa Anna Independent School District / 1,809"
"$32,857",Terlingua Common School District / 830
"$32,610","Paris Independent School District / 22,101"
"$32,604","Nueces Canyon Consolidated Independent School District / 2,018"
"$32,536","Eagle Pass Independent School District / 55,821"
"$32,500",Wilson Independent School District / 805
"$32,473","Brackett Independent School District / 3,598"
"$32,413","Mission Consolidated Independent School District / 63,627"
"$32,386",Newcastle Independent School District / 959
"$32,119","Rockdale Independent School District / 9,212"
"$31,933","Rising Star Independent School District / 1,649"
"$31,905","Alto Independent School District / 3,652"
"$31,638","Groveton Independent School District / 4,915"
"$31,583","La Pryor Independent School District / 2,205"
"$31,583","Monte Alto Independent School District / 3,365"
"$31,567","Port Arthur Independent School District / 52,817"
"$31,484","Coolidge Independent School District / 1,328"
"$31,395","Benavides Independent School District / 3,124"
"$31,281","Robstown Independent School District / 15,510"
"$31,250",Buckholts Independent School District / 776
"$31,130","Progreso Independent School District / 6,806"
"$31,045","San Antonio Independent School District / 308,431"
"$30,793","Charlotte Independent School District / 2,482"
"$30,758","Zapata County Independent School District / 14,231"
"$30,553",Loraine Independent School District / 928
"$30,511","Newton Independent School District / 6,118"
"$30,500",Iredell Independent School District / 952
"$30,375","Brownsville Independent School District / 191,211"
"$30,244","Anthony Independent School District / 5,402"
"$30,179","Broaddus Independent School District / 3,051"
"$29,769",San Isidro Independent School District / 985
"$29,576","San Benito Consolidated Independent School District / 43,665"
"$29,547","Commerce Independent School District / 11,423"
"$29,472","Olney Independent School District / 4,150"
"$29,440","O'Donnell Independent School District / 1,364"
"$29,404","Premont Independent School District / 3,298"
"$29,340","Marlin Independent School District / 8,745"
"$28,792","Waco Independent School District / 104,226"
"$28,770","La Joya Independent School District / 99,891"
"$28,472","San Augustine Independent School District / 5,266"
"$28,208","Raymondville Independent School District / 13,849"
"$28,125","Goodrich Independent School District / 2,397"
"$27,952","Linden-Kildare Consolidated Independent School District / 5,466"
"$27,900","Fannindel Independent School District / 1,692"
"$27,850","Lyford Consolidated Independent School District / 5,725"
"$27,748","Rio Grande City Consolidated Independent School District / 37,254"
"$27,563","Donna Independent School District / 63,628"
"$27,258","Mercedes Independent School District / 21,604"
"$27,194","Edgewood Independent School District / 58,867"
"$26,850","Lasara Independent School District / 1,377"
"$26,799","Tornillo Independent School District / 3,320"
"$26,619","Crockett Independent School District / 8,907"
"$26,484","San Diego Independent School District / 6,714"
"$26,273","Crystal City Independent School District / 8,635"
"$26,121","Clarksville Independent School District / 6,119"
"$25,246","Laredo Independent School District / 93,551"
"$25,208","Santa Maria Independent School District / 2,758"
"$25,104","Presidio Independent School District / 5,052"
"$25,010","Fabens Independent School District / 8,802"
"$25,000","La Villa Independent School District / 3,920"
"$24,000",Olfen Independent School District / 80
"$23,929",Dell City Independent School District / 407
"$23,920","Santa Rosa Independent School District / 5,063"
"$23,090","Roma Independent School District / 23,801"
"$22,756","Edcouch-Elsa Independent School District / 19,125"
"$22,595","San Elizario Independent School District / 14,557"
"$22,308","Calvert Independent School District / 1,604"
"$22,176","Brooks County Independent School District / 7,200"
"$22,042","Fort Hancock Independent School District / 2,084"
"$20,250","San Perlita Independent School District / 1,105"